hostname,store
1800contacts.com,workshop.1800contacts.com
babbel.com,pt.business.babbel.com
babbel.com,de.business.babbel.com
babbel.com,business.babbel.com
babbel.com,fr.business.babbel.com
babbel.com,es.business.babbel.com
babbel.com,it.business.babbel.com
babbel.com,eu.business.babbel.com
babbel.com,en.business.babbel.com
babbel.com,us.business.babbel.com
babylist.com,checkout.babylist.com
babylist.com,staging-checkout.babylist.com
babylist.com,development-checkout.babylist.com
ballislife.com,shop.ballislife.com
barkbox.com,australia.barkbox.com
baseballamerica.com,store.baseballamerica.com
bassmaster.com,shop.bassmaster.com
bebe.com,bebe.com
bedbathandbeyond.com,thekitchen.bedbathandbeyond.com
beeradvocate.com,store.beeradvocate.com
beeradvocate.com,gear.beeradvocate.com
beermenus.com,beerreleases.beermenus.com
bestfriends.org,shop.bestfriends.org
bestfriends.org,gifts.bestfriends.org
bestfriends.org,memorialgifts.bestfriends.org
bestfriends.org,shoptexas.bestfriends.org
bestfriends.org,shopca.bestfriends.org
bestfriends.org,shopeast.bestfriends.org
bestfriends.org,shoputah.bestfriends.org
bethesda.net,gear.bethesda.net
betterment.com,shop.betterment.com
biggerbolderbaking.com,biggerbolderbaking.com
biggerbolderbaking.com,shop.biggerbolderbaking.com
billboard.com,shop.billboard.com
bl.uk,shop.bl.uk
bl.uk,prints.bl.uk
blabber.buzz,marketplace.blabber.buzz
blackriflecoffee.com,blackriflecoffee.com
blavity.com,shop.blavity.com
bloodhorse.com,shop.bloodhorse.com
bloody-disgusting.com,store.bloody-disgusting.com
bluefly.com,bluefly.com
bombas.com,bombas.com
bonappetit.com,shop.bonappetit.com
bonappetit.com,events.bonappetit.com
boots.com,bn.boots.com
boots.com,ae.boots.com
boots.com,qt.boots.com
boots.com,kw.boots.com
bestfriends.org,memorialgifts.bestfriends.org
,
bestfriends.org,shoptexas.bestfriends.org
,
bestfriends.org,shopca.bestfriends.org
,
bestfriends.org,shopeast.bestfriends.org
,
bestfriends.org,shoputah.bestfriends.org
,
bethesda.net,gear.bethesda.net
,
betterment.com,shop.betterment.com
,
biggerbolderbaking.com,biggerbolderbaking.com
,
biggerbolderbaking.com,shop.biggerbolderbaking.com
,
billboard.com,shop.billboard.com
,
bl.uk,shop.bl.uk
,
bl.uk,prints.bl.uk
,
blabber.buzz,marketplace.blabber.buzz
,
blackriflecoffee.com,blackriflecoffee.com
,
blavity.com,shop.blavity.com
,
bloodhorse.com,shop.bloodhorse.com
,
bloody-disgusting.com,store.bloody-disgusting.com
,
bluefly.com,bluefly.com
,
bombas.com,bombas.com
,
bonappetit.com,shop.bonappetit.com
,
bonappetit.com,events.bonappetit.com
,
boots.com,bn.boots.com
,
boots.com,ae.boots.com
,
boots.com,qt.boots.com
,
boots.com,kw.boots.com
