hostname,store
1800contacts.com,workshop.1800contacts.com
babbel.com,pt.business.babbel.com
babbel.com,de.business.babbel.com
babbel.com,business.babbel.com
babbel.com,fr.business.babbel.com
babbel.com,es.business.babbel.com
babbel.com,it.business.babbel.com
babbel.com,eu.business.babbel.com
babbel.com,en.business.babbel.com
babbel.com,us.business.babbel.com
babylist.com,checkout.babylist.com
babylist.com,staging-checkout.babylist.com
babylist.com,development-checkout.babylist.com
ballislife.com,shop.ballislife.com
barkbox.com,australia.barkbox.com
baseballamerica.com,store.baseballamerica.com
bassmaster.com,shop.bassmaster.com
bebe.com,bebe.com
bedbathandbeyond.com,thekitchen.bedbathandbeyond.com
beeradvocate.com,store.beeradvocate.com
beeradvocate.com,gear.beeradvocate.com
beermenus.com,beerreleases.beermenus.com
bestfriends.org,shop.bestfriends.org
bestfriends.org,gifts.bestfriends.org
bestfriends.org,memorialgifts.bestfriends.org
bestfriends.org,shoptexas.bestfriends.org
bestfriends.org,shopca.bestfriends.org
bestfriends.org,shopeast.bestfriends.org
bestfriends.org,shoputah.bestfriends.org
bethesda.net,gear.bethesda.net
betterment.com,shop.betterment.com
biggerbolderbaking.com,biggerbolderbaking.com
biggerbolderbaking.com,shop.biggerbolderbaking.com
billboard.com,shop.billboard.com
bl.uk,shop.bl.uk
bl.uk,prints.bl.uk
blabber.buzz,marketplace.blabber.buzz
blackriflecoffee.com,blackriflecoffee.com
blavity.com,shop.blavity.com
bloodhorse.com,shop.bloodhorse.com
bloody-disgusting.com,store.bloody-disgusting.com
bluefly.com,bluefly.com
bombas.com,bombas.com
bonappetit.com,shop.bonappetit.com
bonappetit.com,events.bonappetit.com
boots.com,bn.boots.com
boots.com,ae.boots.com
boots.com,qt.boots.com
boots.com,kw.boots.com
boots.com,sa.boots.com
boredpanda.com,shop.boredpanda.com
braceability.com,braceability.com
brayola.com,brayola.com
brayola.com,shop.brayola.com
brayola.com,returns.brayola.com
brayola.com,testify.brayola.com
brayola.com,panties.brayola.com
brayola.com,global.shop.brayola.com
brayola.com,masterify.brayola.com
brayola.com,local-w-shop.brayola.com
brayola.com,local-shop.brayola.com
briggsandstratton.com,shop.briggsandstratton.com
brightcellars.com,blog.brightcellars.com
brightcellars.com,brightcellars.com
brightcellars.com,shop.brightcellars.com
brighterblooms.com,brighterblooms.com
bringatrailer.com,store.bringatrailer.com
britannica.com,store.britannica.com
britannica.com,britannica.com
brookstone.com,brookstone.com
bulletproof.com,bulletproof.com
businessinsider.com,store.businessinsider.com
buzzfeed.com,buzzfeed.com
buzzfeed.com,swagshop.buzzfeed.com
buzzfeed.com,shop.buzzfeed.com
buzzfeed.com,img.buzzfeed.com
buzzfeed.com,webappstatic.buzzfeed.com
buzzfeed.com,video-player.buzzfeed.com
buzzfeed.com,buymethat.buzzfeed.com
buzzfeed.com,shopwith.buzzfeed.com
car.org,store.car.org
carnival.com,shop.carnival.com
carthrottle.com,shop.carthrottle.com
carthrottle.com,store.carthrottle.com
carthrottle.com,uk.carthrottle.com
carthrottle.com,us.carthrottle.com
cato.org,store.cato.org
cbs.com,marketplace.cbs.com
cdllife.com,shop.cdllife.com
cellularoutfitter.com,cellularoutfitter.com
cesarsway.com,shop.cesarsway.com
channelfireball.com,channelfireball.com
charlotterusse.com,charlotterusse.com
cheapcaribbean.com,store.cheapcaribbean.com
chicagomusicexchange.com,chicagomusicexchange.com
chicagotribune.com,wine.chicagotribune.com
chipotle.com,farmersmarket.chipotle.com
chordify.net,shop.chordify.net
chriskresser.com,store.chriskresser.com
chronicle.com,store.chronicle.com
chuckecheese.com,shop.chuckecheese.com
cirquedusoleil.com,boutique.cirquedusoleil.com
classdojo.com,shop.classdojo.com
codecademy.com,giftcards.codecademy.com
codecademy.com,shop.codecademy.com
coingecko.com,store.coingecko.com
cointelegraph.com,store.cointelegraph.com
collective-evolution.com,store.collective-evolution.com
colourpop.com,colourpop.com
compassion.com,store.compassion.com
concordmonitor.com,store.concordmonitor.com
concordmonitor.com,concordmonitor.com
concordmonitor.com,jobs.concordmonitor.com
concordmonitor.com,classifieds.concordmonitor.com
concordmonitor.com,local.concordmonitor.com
convertkit.com,shop.convertkit.com
countryrebel.com,countryrebel.com
creativecommons.org,store.creativecommons.org
cultofmac.com,store.cultofmac.com
cultofmac.com,shoptest.cultofmac.com
culturesforhealth.com,shop.culturesforhealth.com
cupshe.com,cupshe.com
customink.com,samples.customink.com
customink.com,dds-virtual.customink.com
cymatics.fm,cymatics.fm
kahoot.com,kahoot.com
kahoot.com,shop.kahoot.com
kanyewest.com,shop.kanyewest.com
kanyewest.com,music.kanyewest.com
kanyewest.com,storede.kanyewest.com
kanyewest.com,storeau.kanyewest.com
kanyewest.com,shopde.kanyewest.com
kanyewest.com,shopau.kanyewest.com
kettleandfire.com,kettleandfire.com
kinobody.com,kinobody.com
kitco.com,shop-qa.kitco.com
kith.com,kith.com
knowyourmeme.com,store.knowyourmeme.com
kotaku.com,store.kotaku.com
nachi.org,vendorstore.nachi.org
nameberry.com,store.nameberry.com
nameberry.com,nameberry.com
namecheap.com,merch.namecheap.com
nationalgeographic.com,store.nationalgeographic.com
nationalgeographic.com,shop.nationalgeographic.com
nationalgeographic.com,mshop.nationalgeographic.com
nationalgridus.com,marketplace.nationalgridus.com
nationalgridus.com,cars.nationalgridus.com
newscientist.com,shop.newscientist.com
newsner.com,shop.newsner.com
newsner.com,newplay.newsner.com
newyorker.com,shop.newyorker.com
nextdoor.com,store.nextdoor.com
nextshark.com,shop.nextshark.com
nfl.com,nflphotostore.nfl.com
nike.com,checkout-niketeam.nike.com
ninewest.com,ninewest.com
ninjakiwi.com,store.ninjakiwi.com
nj.com,store.nj.com
njcaa.org,shop.njcaa.org
nodejs.org,store.nodejs.org
nokia.com,india.mobileshop.nokia.com
nola.com,store.nola.com
northernbrewer.com,northernbrewer.com
npr.org,shop.npr.org
nutaku.net,store.nutaku.net
nybooks.com,shop.nybooks.com
nypl.org,shop.nypl.org
nypl.org,nypl.org
nypl.org,ux-static.nypl.org
nypl.org,refinery.nypl.org
nypl.org,mailinglistapi.nypl.org
nyra.com,shop.nyra.com
nytimes.com,nytimes.com
nytimes.com,store.nytimes.com
nzxt.com,store.nzxt.com
nzxt.com,checkout.nzxt.com
oanda.com,marketplace.oanda.com
offers.com,shop.offers.com
okayplayer.com,shop.okayplayer.com
okayplayer.com,store.okayplayer.com
omaze.com,omaze.com
onegoodthingbyjillee.com,shop.onegoodthingbyjillee.com
onlyinyourstate.com,onlyinyourstate.com
onlyinyourstate.com,cdn.onlyinyourstate.com
onlyinyourstate.com,shop.onlyinyourstate.com
otakumode.com,ja.otakumode.com
outdoorproject.com,outdoorproject.com
outdoorproject.com,shop.outdoorproject.com
ozy.com,shop.ozy.com
ozy.com,store.ozy.com
tacomaworld.com,shop.tacomaworld.com
talkingpointsmemo.com,store.talkingpointsmemo.com
taskandpurpose.com,shop.taskandpurpose.com
tastemade.com,tastemade.com
tastemade.com,shop.tastemade.com
tastemade.com,link.tastemade.com
tasteofhome.com,shop.tasteofhome.com
taxfoundation.org,store.taxfoundation.org
taylorswift.com,store.taylorswift.com
tbs.com,shop.tbs.com
teacherspayteachers.com,shop.teacherspayteachers.com
teamcoco.com,teamcoco.com
teamcoco.com,records.teamcoco.com
teaparty.org,shop.teaparty.org
ted.com,ed.ted.com
ted.com,shop.ed.ted.com
teefury.com,teefury.com
teenvogue.com,shop.teenvogue.com
teenvogue.com,events.teenvogue.com
teespring.com,share.teespring.com
tennessean.com,shop.tennessean.com
tested.com,shop.tested.com
theadvocate.com,store.theadvocate.com
theaviationist.com,shop.theaviationist.com
theblaze.com,shop.theblaze.com
thefader.com,advertising.thefader.com
thefader.com,shop.thefader.com
thefader.com,thefader.com
theflexbelt.com,theflexbelt.com
thegazette.com,store.thegazette.com
theglobeandmail.com,theglobeandmail.com
theglobeandmail.com,datastore.theglobeandmail.com
theglobeandmail.com,shop.theglobeandmail.com
thehardtimes.net,shop.thehardtimes.net
thehindu.com,store.thehindu.com
thehindu.com,lounge.thehindu.com
theidleman.com,theidleman.com
thenation.com,shop.thenation.com
theodysseyonline.com,shop.theodysseyonline.com
theonion.com,store.theonion.com
theoutbound.com,store.theoutbound.com
thepointsguy.com,thepointsguy.com
thepointsguy.com,shop.thepointsguy.com
thepointsguy.com,ssldata.thepointsguy.com
therecipecritic.com,shop.therecipecritic.com
theroot.com,store.theroot.com
therpf.com,shop.therpf.com
thetakeout.com,store.thetakeout.com
thetruthaboutcancer.com,shop.thetruthaboutcancer.com
thetruthaboutguns.com,shop.thetruthaboutguns.com
theupsstore.com,shop.theupsstore.com
theverge.com,theverge.com
theverge.com,store.theverge.com
thewalkingcompany.com,thewalkingcompany.com
thirdlove.com,thirdlove.com
thoughtcatalog.com,store.thoughtcatalog.com
thrivecausemetics.com,thrivecausemetics.com
tinybeans.com,store.tinybeans.com
today.com,deals.today.com
topgolf.com,topgolf.com
topgolf.com,shop.topgolf.com
townhall.com,shop.townhall.com
trakt.tv,shop.trakt.tv
trustedreviews.com,licensing.trustedreviews.com
tunnelbear.com,shop.tunnelbear.com
turnoutpac.org,shop.turnoutpac.org
turnoutpac.org,turnoutpac.org
turnoutpac.org,go.turnoutpac.org
turo.com,shop.turo.com
iifym.com,merch.iifym.com
ilovegrowingmarijuana.com,ilovegrowingmarijuana.com
ilovegrowingmarijuana.com,shop.ilovegrowingmarijuana.com
ilovegrowingmarijuana.com,grow.ilovegrowingmarijuana.com
ilovemyfreedom.org,store.ilovemyfreedom.org
inspiremore.com,shop.inspiremore.com
instantpot.com,store.instantpot.com
intotheam.com,intotheam.com
ipfs.io,shop.ipfs.io
irobot.com,root.irobot.com
irobot.com,shop.edu.irobot.com
islands.com,photostore.islands.com
itcosmetics.com,makeupshow.itcosmetics.com
jalopnik.com,store.jalopnik.com
jamieoliver.com,shop.jamieoliver.com
jamieoliver.com,granoladust.jamieoliver.com
jbonamassa.com,shop.jbonamassa.com
jbonamassa.com,store.jbonamassa.com
jezebel.com,store.jezebel.com
jostens.com,schoolstore.jostens.com
jostens.com,dev.schoolstore.jostens.com
jostens.com,test.schoolstore.jostens.com
jostens.com,safety.jostens.com
sacred-texts.com,shop.sacred-texts.com
sammobile.com,shop.sammobile.com
scarymommy.com,shop.scarymommy.com
scottscheapflights.com,shop.scottscheapflights.com
seesaw.me,web.seesaw.me
seesaw.me,store.seesaw.me
seesaw.me,help.seesaw.me
seesaw.me,app.seesaw.me
selfrely.com,store.selfrely.com
sennheiser.com,store.pt-br.sennheiser.com
sennheiser.com,singapore.sennheiser.com
sennheiser.com,ph.sennheiser.com
sennheiser.com,th.sennheiser.com
sennheiser.com,en-au.shop.sennheiser.com
seriouseats.com,seriouseats.com
shapeways.com,springandwonder.shapeways.com
shapeways.com,configurator-demo.shapeways.com
shapeways.com,loctite.shapeways.com
shapeways.com,covid19.shapeways.com
shared.com,food.shared.com
shared.com,shop.shared.com
shared.com,family.shared.com
shared.com,trending.shared.com
shared.com,unicorns.shared.com
sho.com,store.sho.com
shopify.com,shopify.com
sixpackabs.com,sixpackabs.com
skinnyms.com,shop.skinnyms.com
slamonline.com,shop.slamonline.com
slamonline.com,slamonline.com
slate.com,shop.slate.com
slicelife.com,shop.slicelife.com
smashingmagazine.com,shop.smashingmagazine.com
smashingmagazine.com,shopify.smashingmagazine.com
smashingmagazine.com,testshop.smashingmagazine.com
smiledirectclub.com,shop.smiledirectclub.com
smiledirectclub.com,swag.smiledirectclub.com
smore.com,swag.smore.com
smosh.com,smosh.com
snapon.com,pcorder.snapon.com
snapon.com,testpcstore.snapon.com
sneakernews.com,store.sneakernews.com
snopes.com,shop.snopes.com
snopes.com,development-shop.snopes.com
snopes.com,sandbox1-shop.snopes.com
snopes.com,staging-shop.snopes.com
soaphub.com,shop.soaphub.com
sofrep.com,store.sofrep.com
sonnysbbq.com,shop.sonnysbbq.com
sophos.com,shop.sophos.com
spacex.com,shop.spacex.com
spartan.com,spartan.com
specialized.com,preorders.specialized.com
spiritanimal.info,shop.spiritanimal.info
spoonuniversity.com,shop.spoonuniversity.com
startrek.com,shop.startrek.com
stashinvest.com,shop.stashinvest.com
statnews.com,reports.statnews.com
stevemadden.com,stevemadden.com
stockcharts.com,store.stockcharts.com
stocktwits.com,shop.stocktwits.com
styleblueprint.com,market.styleblueprint.com
styleblueprint.com,shop.styleblueprint.com
stylecraze.com,store.stylecraze.com
stylemepretty.com,plan.stylemepretty.com
survivallife.com,deals.survivallife.com
survivallife.com,store.survivallife.com
swappa.com,store.swappa.com
sweetgreen.com,shop.sweetgreen.com
vanityfair.com,shop.vanityfair.com
vapordna.com,vapordna.com
verabradley.com,verabradley.com
vikings.com,shop.vikings.com
vinylmeplease.com,vinylmeplease.com
vivehealth.com,vivehealth.com
vix.com,shop.vix.com
vogue.com,shop.vogue.com
911memorial.org,store.911memorial.org
9gag.com,store.9gag.com
9gag.com,shop.9gag.com
d20pfsrd.com,d20pfsrd.com
dailyom.com,shop.dailyom.com
dailysale.com,dailysale.com
dailywire.com,shop.dailywire.com
deadspin.com,store.deadspin.com
delish.com,shop.delish.com
democrats.org,store.democrats.org
desmos.com,store.desmos.com
destinationtips.com,shop.destinationtips.com
dia.com,shop.dia.com
dia.com,shop-staging.dia.com
diabetes.co.uk,shopify.diabetes.co.uk
diabetes.co.uk,shop.diabetes.co.uk
dinnerthendessert.com,shop.dinnerthendessert.com
discogs.com,shop.discogs.com
discogs.com,eushop.discogs.com
do312.com,store.do312.com
do512.com,store.do512.com
dogsnaturallymagazine.com,store.dogsnaturallymagazine.com
dogsnaturallymagazine.com,market.dogsnaturallymagazine.com
dollarshaveclub.com,wholesale.dollarshaveclub.com
donaldjtrump.com,shop.donaldjtrump.com
donorschoose.org,store.donorschoose.org
donorschoose.org,shop.donorschoose.org
doterra.com,together2019.doterra.com
doterra.com,marketplace.doterra.com
doterra.com,themarketplace.doterra.com
draftkings.com,draftkings.com
draftkings.com,playbook.draftkings.com
draftkings.com,about.draftkings.com
draftkings.com,shop.draftkings.com
draftkings.com,secure.draftkings.com
draxe.com,store.draxe.com
draxe.com,api-dev.draxe.com
draxe.com,checkout-dev.draxe.com
draxe.com,checkout.draxe.com
draxe.com,checkout-test.draxe.com
draxe.com,api.draxe.com
dressbarn.com,dressbarn.com
dribbble.com,help.dribbble.com
dribbble.com,dribbble.com
dribbble.com,equipment.dribbble.com
dribbble.com,shop.dribbble.com
dribbble.com,developer.dribbble.com
dribbble.com,cdn.dribbble.com
duffelblog.com,shop.duffelblog.com
hackernoon.com,shop.hackernoon.com
hawaii.com,store.hawaii.com
hawaiianairlines.com,shop.hawaiianairlines.com
hbo.com,store.hbo.com
hbo.com,shop.hbo.com
hear.com,hear.com
hear.com,service.my.hear.com
hear.com,shop.hear.com
herb.co,shop.herb.co
herb.co,store.herb.co
heritage.org,shop.heritage.org
historynet.com,historynet.com
historynet.com,shop.historynet.com
historynet.com,link.historynet.com
hollywoodreporter.com,shop.hollywoodreporter.com
hollywoodreporter.com,hollywoodreporter.com
hollywoodreporter.com,subscribe.hollywoodreporter.com
hollywoodreporter.com,assets.hollywoodreporter.com
husqvarna.com,za.promo.husqvarna.com
husqvarna.com,za-promo.husqvarna.com
hy-vee.com,joefresh.hy-vee.com
hyperallergic.com,hyperallergic.com
lakersnation.com,store.lakersnation.com
lancasteronline.com,lancasteronline.com
lancasteronline.com,shop.lancasteronline.com
larrybrownsports.com,shop.larrybrownsports.com
latimes.com,store.latimes.com
laurengreutman.com,shop.laurengreutman.com
laurengreutman.com,store.laurengreutman.com
leatherup.com,leatherup.com
legacy.com,dnatesting.legacy.com
legoland.com,shop-california.legoland.com
legoland.com,shop-florida.legoland.com
letsrun.com,shop.letsrun.com
libretexts.org,books.libretexts.org
libretexts.org,bookstore.libretexts.org
lifehacker.com,store.lifehacker.com
lilluna.com,shop.lilluna.com
lionbrand.com,lionbrand.com
livemixtapes.com,shop.livemixtapes.com
ljworld.com,shop.ljworld.com
lollapalooza.com,store.lollapalooza.com
lootcrate.com,gifts.lootcrate.com
lootcrate.com,vault.lootcrate.com
lovepopcards.com,lovepopcards.com
lproof.org,store.lproof.org
lulu.com,beta.sandbox.lulu.com
lulu.com,beta.test.lulu.com
lulu.com,usd-store.sandbox.lulu.com
lulu.com,usd-store.test.lulu.com
lulu.com,usd-store.lulu.com
radioshack.com,radioshack.com
radiotimes.com,rtshop.radiotimes.com
rand.org,shop.rand.org
raspberrypi.org,swag.raspberrypi.org
rd.com,shop.rd.com
reason.com,shop.reason.com
rebeccaminkoff.com,rebeccaminkoff.com
reductress.com,reductress.com
reductress.com,shop.reductress.com
relevantmagazine.com,store.relevantmagazine.com
reviewjournal.com,store.reviewjournal.com
revolvermag.com,revolvermag.com
revolvermag.com,shop.revolvermag.com
rgj.com,shop.rgj.com
ridgewallet.com,ridgewallet.com
ring.com,ring.com
riotgames.com,dev.checkout.merch.riotgames.com
riotgames.com,checkout-eu.merch.riotgames.com
riotgames.com,checkout.merch.riotgames.com
rockabilia.com,rockabilia.com
rollingstone.com,shop.rollingstone.com
roosterteeth.com,roosterteeth.com
roosterteeth.com,store.roosterteeth.com
roosterteeth.com,achievementhunter.roosterteeth.com
roosterteeth.com,funhaus.roosterteeth.com
roosterteeth.com,screwattack.roosterteeth.com
roosterteeth.com,store.staging.roosterteeth.com
rothys.com,rothys.com
rover.com,store.rover.com
runnersworld.com,shop.runnersworld.com
u2.com,shopuk.u2.com
u2.com,shop.u2.com
ubnt.com,ubnt.com
ubnt.com,store.ubnt.com
ubnt.com,dl.ubnt.com
ubnt.com,prd-www-cdn.ubnt.com
ubnt.com,blog.ubnt.com
ubnt.com,dev-store.ubnt.com
ubuntu.com,buy.ubuntu.com
ucsusa.org,ucsusa.org
ucsusa.org,blog.ucsusa.org
ucsusa.org,store.ucsusa.org
ucsusa.org,secure.ucsusa.org
ucsusa.org,es.ucsusa.org
ultra.me,shop.ultra.me
ultra.me,store.ultra.me
und.com,auctions.und.com
universe.com,images.universe.com
universe.com,shop.universe.com
unlv.edu,surplusstore.adminsvcs.unlv.edu
unlv.edu,spo.sysapps.unlv.edu
unlv.edu,spo.oit.unlv.edu
unos.com,unos.com
unos.com,shop.unos.com
unos.com,cookingclasses.unos.com
unos.com,ship.unos.com
untappd.com,blog.untappd.com
untappd.com,help.untappd.com
untappd.com,untappd.com
untappd.com,store.untappd.com
untuckit.com,untuckit.com
urbandictionary.com,store.urbandictionary.com
ushistory.org,ushistory.org
ushistory.org,store.ushistory.org
ushistory.org,blog.ushistory.org
ushistory.org,new.store.ushistory.org
ushistory.org,test.ushistory.org
ussoccer.com,store.ussoccer.com
ussoccer.com,store-9754699.ussoccer.com
utah.com,shop.utah.com
uworld.com,collateral.uworld.com
facepunch.com,store.facepunch.com
familyhandyman.com,shop.familyhandyman.com
familysurvival.com,shop.familysurvival.com
fangamer.com,fangamer.com
fansided.com,swag.fansided.com
fantasypros.com,shop.fantasypros.com
farmersonly.com,blog.farmersonly.com
farmersonly.com,store.farmersonly.com
fashionnova.com,fashionnova.com
fast-growing-trees.com,fast-growing-trees.com
fightful.com,shop.fightful.com
fivestars.com,shop.fivestars.com
flexfits.com,flexfits.com
fontsquirrel.com,fontsquirrel.com
fontsquirrel.com,shop.fontsquirrel.com
foodbeast.com,shop.foodbeast.com
foodnetwork.com,gift.foodnetwork.com
footsmart.com,footsmart.com
forever21.com,workshop.forever21.com
fossbytes.com,store.fossbytes.com
fourseasons.com,shop.ca.fourseasons.com
fourseasons.com,shop.fourseasons.com
frigidaire.com,store.frigidaire.com
funko.com,funko.com
funnyordie.com,shop.funnyordie.com
futurism.com,store.futurism.com
gaiaonline.com,store.gaiaonline.com
gamespot.com,shop.gamespot.com
gamespot.com,store.gamespot.com
gazelle.com,buy.gazelle.com
gearpatrol.com,gearpatrol.com
gearpatrol.com,email.gearpatrol.com
gearpatrol.com,store.gearpatrol.com
gearpatrol.com,cdn.gearpatrol.com
geekandsundry.com,shop.geekandsundry.com
gematsu.com,store.gematsu.com
gemplers.com,gemplers.com
getty.edu,shop.getty.edu
getty.edu,shopgetty.getty.edu
getty.edu,bookstore.getty.edu
getty.edu,museumstore.getty.edu
getty.edu,wholesale.getty.edu
giantbomb.com,store.giantbomb.com
gilt.com,outlet.gilt.com
gitlab.com,shop.gitlab.com
gizmodo.com,store.gizmodo.com
goerie.com,store.goerie.com
golf.com,proshop.golf.com
golf.com,dev.proshop.golf.com
golfwrx.com,outfitted.golfwrx.com
governorsballmusicfestival.com,shop.governorsballmusicfestival.com
gq.com,shop.gq.com
grassrootsmotorsports.com,store.grassrootsmotorsports.com
graze.com,uk.graze.com
graze.com,us.graze.com
graze.com,ie.graze.com
graze.com,uk.stage.graze.com
graze.com,us.stage.graze.com
graze.com,ie.stage.graze.com
graze.com,nl.stage.graze.com
graze.com,nl.graze.com
graze.com,se.graze.com
graze.com,se.stage.graze.com
greatergood.com,shop.greatergood.com
greatergood.com,buy.theanimalrescuesite.greatergood.com
greatergood.com,buy.greatergood.com
greatergood.com,store.greatergood.com
greatergood.com,store.thediabetessite.greatergood.com
greatergood.com,store.theliteracysite.greatergood.com
greatergood.com,store.theautismsite.greatergood.com
greatergood.com,store.thebreastcancersite.greatergood.com
greatergood.com,store.thehungersite.greatergood.com
greatergood.com,store.theearthsite.greatergood.com
greatergood.com,store.theanimalrescuesite.greatergood.com
greatergood.com,store.theveteranssite.greatergood.com
greatergood.com,test.theearthsite.greatergood.com
greatergood.com,test.thediabetessite.greatergood.com
greatergood.com,test.thehungersite.greatergood.com
greatergood.com,test.therainforestsite.greatergood.com
greatergood.com,test.theveteranssite.greatergood.com
greatergood.com,test.thealzheimerssite.greatergood.com
greatergood.com,store.therainforestsite.greatergood.com
greatergood.com,store.thealzheimerssite.greatergood.com
greatergood.com,test.theliteracysite.greatergood.com
greatergood.com,test.thebreastcancersite.greatergood.com
greatergood.com,test.theanimalrescuesite.greatergood.com
greatergood.com,test.greatergood.com
greatergood.com,test.theautismsite.greatergood.com
greatergood.com,store.creativekidstuff.greatergood.com
groupon.com,breadcrumbpro-store.groupon.com
grubhub.com,drivershop.grubhub.com
grubhub.com,restaurantshop.grubhub.com
gruntstyle.com,gruntstyle.com
guitarworld.com,store.guitarworld.com
gwynniebee.com,gwynniebee.com
gymshark.com,gymshark.com
